<?xml version="1.0"?>
<virtualcard format="1.1">
   <cardtype>Micropass</cardtype>
   <cardname>[MICROPASS_TAG_4B]</cardname>
   <image>MICROPASS.jpg</image>
   <description />
   <detection>
      <ISO14443-4>0x05 0x00 0x00 0x00 0x00 0x00 0x00 0x00 0x00 0x71 0x80 0x00</ISO14443-4>
      <ISO14443-3>0x05 0x00 0x00 0x00 0x00 0x00 0x00 0x00 0x00 0x71 0x80 0x00</ISO14443-3>
   </detection>
   <data>
      <ef id="0xE1 0x03">
         0x00 0x0F 0x20 0x00 0xFF 0x00 0xFF 0x04 0x06 0xE1 0x04 0x03 0xFB 0x00 0x00
      </ef>
      <ef id="0xE1 0x04">
         0X00 0X13 0XD1 0X01 0X0F 0X55 0X00 0X77
         0X77 0X77 0X2E 0X67 0X6F 0X6F 0X67 0X6C
         0X65 0X2E 0X63 0X6F 0X6D
      </ef>
   </data>
</virtualcard>